Image,Blue_Channel,Green_Channel,Red_Channel
good.png,45.278553638639536,40.21950641512463,38.57321448538109
bad2.png,40.87169392317288,40.652017160825636,36.69663281541743
bad1.png,26.70078478331282,26.428945132251254,23.64532988017751
